Workbook

Sheet Dashboard
A1: Kristal Farms — Partner Cost Advantage
A2: Cost index model for partner conversations. Conventional remote compute = 100; Kristal Farms is shown on the same scale with avoided costs as a savings gap.
A4: Partner message
A5: 1 | B5: Kristal Farms lowers cost by removing infrastructure layers, not only by buying cheaper electricity.
A6: 2 | B6: The largest savings come from avoided roads, avoided long transmission, lower cooling burden and heat reuse.
A7: 3 | B7: Partners can validate the assumptions and convert this index model into a site-specific financial case.

Sheet Cost_Model
A1: Illustrative cost index model
A3: Cost factor | B3: Conventional index | C3: Kristal Farms index | D3: Savings | E3: Conventional share | F3: Kristal share | G3: Partner-facing rationale
A4: Energy commodity | B4: 22 | C4: 18 | D4: =B4-C4 -> 4 | E4: =B4/$B$11 -> 0.22 | F4: =C4/$C$11 -> 0.45 | G4: Low-cost hydro remains the core input; Kristal still pays for energy, but uses it more efficiently.
A5: Road / civil access | B5: 15 | C5: 3 | D5: =B5-C5 -> 12 | E5: =B5/$B$11 -> 0.15 | F5: =C5/$C$11 -> 0.075 | G5: Port-adjacent modular deployment reduces major all-season road requirements.
A6: Transmission build | B6: 22 | C6: 4 | D6: =B6-C6 -> 18 | E6: =B6/$B$11 -> 0.22 | F6: =C6/$C$11 -> 0.1 | G6: Short local MV feed replaces long HV corridors, large substations, rights-of-way and remote build-out.
A7: Transmission O&M | B7: 9 | C7: 2 | D7: =B7-C7 -> 7 | E7: =B7/$B$11 -> 0.09 | F7: =C7/$C$11 -> 0.05 | G7: Shorter electrical infrastructure reduces long-term maintenance exposure.
A8: Cooling infrastructure | B8: 14 | C8: 6 | D8: =B8-C8 -> 8 | E8: =B8/$B$11 -> 0.14 | F8: =C8/$C$11 -> 0.15 | G8: Cold climate, liquid cooling and heat exchange reduce mechanical cooling burden.
A9: Heat waste / carbon burden | B9: 10 | C9: 3 | D9: =B9-C9 -> 7 | E9: =B9/$B$11 -> 0.1 | F9: =C9/$C$11 -> 0.075 | G9: Server heat is reused in buildings, DHW and greenhouse instead of being rejected.
A10: Security / access burden | B10: 8 | C10: 4 | D10: =B10-C10 -> 4 | E10: =B10/$B$11 -> 0.08 | F10: =C10/$C$11 -> 0.1 | G10: Controlled isolated siting reduces access complexity and physical perimeter burden.
A11: TOTAL | B11: =SUM(B4:B10) -> 100 | C11: =SUM(C4:C10) -> 40 | D11: =SUM(D4:D10) -> 60 | E11: =SUM(E4:E10) -> 1 | F11: =SUM(F4:F10) -> 1 | G11: Savings gap = conventional total - Kristal Farms total

Sheet Chart_Data
A1: Scenario | B1: Conventional cost | C1: Kristal Farms cost | D1: Savings gap
A2: Conventional remote model | B2: =Cost_Model!B11 -> 100 | C2: 0 | D2: 0
A3: Kristal Farms model | B3: 0 | C3: =Cost_Model!C11 -> 40 | D3: =Cost_Model!D11 -> 60
A6: Savings factor | B6: Index points saved | C6: Share of savings
A7: =Cost_Model!A4 -> Energy commodity | B7: =Cost_Model!D4 -> 4 | C7: =B7/Cost_Model!$D$11 -> 0.066666667
A8: =Cost_Model!A5 -> Road / civil access | B8: =Cost_Model!D5 -> 12 | C8: =B8/Cost_Model!$D$11 -> 0.2
A9: =Cost_Model!A6 -> Transmission build | B9: =Cost_Model!D6 -> 18 | C9: =B9/Cost_Model!$D$11 -> 0.3
A10: =Cost_Model!A7 -> Transmission O&M | B10: =Cost_Model!D7 -> 7 | C10: =B10/Cost_Model!$D$11 -> 0.11666667
A11: =Cost_Model!A8 -> Cooling infrastructure | B11: =Cost_Model!D8 -> 8 | C11: =B11/Cost_Model!$D$11 -> 0.13333333
A12: =Cost_Model!A9 -> Heat waste / carbon burden | B12: =Cost_Model!D9 -> 7 | C12: =B12/Cost_Model!$D$11 -> 0.11666667
A13: =Cost_Model!A10 -> Security / access burden | B13: =Cost_Model!D10 -> 4 | C13: =B13/Cost_Model!$D$11 -> 0.066666667
A16: Cost factor | B16: Conventional | C16: Kristal Farms
A17: =Cost_Model!A4 -> Energy commodity | B17: =Cost_Model!B4 -> 22 | C17: =Cost_Model!C4 -> 18
A18: =Cost_Model!A5 -> Road / civil access | B18: =Cost_Model!B5 -> 15 | C18: =Cost_Model!C5 -> 3
A19: =Cost_Model!A6 -> Transmission build | B19: =Cost_Model!B6 -> 22 | C19: =Cost_Model!C6 -> 4
A20: =Cost_Model!A7 -> Transmission O&M | B20: =Cost_Model!B7 -> 9 | C20: =Cost_Model!C7 -> 2
A21: =Cost_Model!A8 -> Cooling infrastructure | B21: =Cost_Model!B8 -> 14 | C21: =Cost_Model!C8 -> 6
A22: =Cost_Model!A9 -> Heat waste / carbon burden | B22: =Cost_Model!B9 -> 10 | C22: =Cost_Model!C9 -> 3
A23: =Cost_Model!A10 -> Security / access burden | B23: =Cost_Model!B10 -> 8 | C23: =Cost_Model!C10 -> 4

Sheet Partner_Message
A1: Partner-facing narrative
A3: Section | B3: Copy
A4: Core message | B4: Kristal Farms lowers delivered AI compute cost by removing infrastructure that conventional remote compute must still build, cool, maintain, and secure.
A5: Why it matters | B5: The model combines low-cost hydro, short local power delivery, cold-climate cooling, heat reuse, port logistics, modular deployment, and controlled isolated siting.
A6: Partner role | B6: Partners can validate the site, lead an eligible consortium, provide engineering/HPC capability, connect community heat users, and support public-interest compute access.
A7: Positioning | B7: This is not a single data center; it is a replicable northern compute-and-heat infrastructure pattern.
A8: Caution | B8: The cost index is a presentation tool. Final values require engineering, utility tariffs, site selection, heat demand, fiber design, and partner commitments.

Sheet Sources
A1: Source references and benchmark notes
A3: Input / benchmark | B3: Use in workbook | C3: Source URL | D3: Status
A4: Kristal Farms internal documentation | B4: Short MV feed, no long HV corridor, port logistics, heat-first design, black-box tenancy | C4: Provided project documents | D4: Internal concept source
A5: Hydro-Québec Rate L | B5: Low-cost hydro electricity benchmark | C5: https://www.hydroquebec.com/data/documents-donnees/pdf/rates-chart.pdf | D5: External benchmark
A6: Newfoundland & Labrador Hydro rates | B6: Labrador Interconnected System electricity benchmark | C6: https://nlhydro.com/electicity-rates/current-rates/ | D6: External benchmark
A7: Uptime Institute 2025 survey | B7: Conventional data center PUE benchmark | C7: https://datacenter.uptimeinstitute.com/rs/711-RIA-145/images/2025.Annual.Survey.Report.pdf | D7: External benchmark
A8: Wataynikaneyap Transmission Project | B8: Northern transmission cost scale | C8: https://www.torys.com/work/2018/12/wataynikaneyap-transmission-project | D8: External benchmark
A9: Northern Policy Institute | B9: Northern all-season road cost scale | C9: https://www.northernpolicy.ca/upload/documents/publications/reports-new/smart-roads-2022-10-12-ac.pdf | D9: External benchmark
A10: Environment and Climate Change Canada | B10: Diesel CO₂ factor | C10: https://www.canada.ca/en/environment-climate-change/services/climate-change/pricing-pollution-how-it-will-work/output-based-pricing-system/federal-greenhouse-gas-offset-system/emission-factors-reference-values.html | D10: External benchmark
A11: Natural Resources Canada | B11: Fuel energy content reference | C11: https://oee.nrcan.gc.ca/corporate/statistics/neud/dpa/tableshandbook2/egen_00_1_e_2.cfm?attr=0 | D11: External benchmark
